id;image_path;created;created_by;updated;updated_by
1;Cambridgeshire International;2023-09-26T23:55:59;transmitter back-end utilisation;2023-09-27T11:31:07;AI Supervisor flexibility
2;auxiliary Legacy;2023-09-27T00:04:31;indexing;2023-09-26T16:58:26;Steel
3;Synergistic quantify Clothing;2023-09-27T01:49:48;Roads hack;2023-09-26T17:21:33;Central XSS intangible
4;engine communities;2023-09-27T03:14:31;Croatian schemas Motorway;2023-09-26T23:53:46;flexibility
5;Wooden;2023-09-27T02:58:54;web FTP;2023-09-27T00:41:18;Ergonomic
6;24/365 connecting;2023-09-27T12:25:14;navigate;2023-09-26T20:04:15;Pants Pitcairn
7;Manager;2023-09-27T06:23:37;Handmade Shilling web-readiness;2023-09-26T18:54:57;magnetic Analyst
8;Account Jewelery paradigm;2023-09-27T11:13:50;Wyoming;2023-09-26T19:05:35;Security Account Grocery
9;Fresh;2023-09-27T08:19:18;HTTP Incredible Profound;2023-09-27T03:46:22;Idaho
10;invoice protocol;2023-09-26T22:22:11;maroon time-frame;2023-09-27T03:32:21;Circles
